,questions,answers
0,"Lakukanlah analisis tren penjualan pada dataset     transaction_id transaction_date      customer_name  transaction_amount  \
0                1       01-11-2023           John Doe                50.0   
1                2       03-11-2023      Charlie Brown               150.0   
2                3       05-11-2023      Olivia Martin                12.5   
3                4       07-11-2023     William Turner                18.0   
4                5       10-11-2023      Lily Anderson                 8.0   
5                6       10-11-2023        Mason Evans               280.0   
6                7       12-11-2023  Isabella Martinez                35.0   
7                8       12-11-2023         Noah Clark                 9.0   
8                9       15-11-2023          Ava Jones                17.0   
9               10       16-11-2023       Sophie Davis               500.0   
10              11       17-11-2023        Liam Wilson               300.0   
11              12       19-11-2023        Grace Moore                19.0   
12              13       19-11-2023         Ella Davis                75.0   
13              14       21-11-2023       Aiden Turner               160.0   
14              15       23-11-2023       Mia Robinson                 8.0   
15              16       23-11-2023        Noah Wilson               270.0   
16              17       25-11-2023      Sophia Turner                25.0   
17              18       25-11-2023        Oliver Hill                30.0   
18              19       27-11-2023       Ethan Turner                 9.0   
19              20       27-11-2023        Chloe Brown               376.5   
20              21       29-11-2023       Lucas Harris                15.0   
21              22       29-11-2023      Amelia Turner                28.5   
22              23       01-12-2023    Sophie Robinson                80.0   
23              24       03-12-2023        Ella Taylor                20.0   
24              25       03-12-2023          Aria Hill                45.0   
25              26       05-12-2023         Mia Harris                15.0   
26              27       05-12-2023      Sophia Turner                60.0   
27              28       07-12-2023        Chloe Davis              4769.3   
28              29       09-12-2023         Ava Harris                18.0   
29              30       09-12-2023        Ella Turner                65.0   
30              31       11-12-2023        Aiden Smith               120.0   
31              32       13-12-2023    Amelia Robinson                14.0   
32              33       13-12-2023        Liam Taylor                25.5   
33              34       15-12-2023       Oliver Davis                30.0   
34              35       15-12-2023    Sophia Robinson                80.0   
35              36       17-12-2023     Lucas Robinson                90.0   
36              37       19-12-2023        Liam Turner                 9.0   
37              38       19-12-2023        Noah Wilson               150.0   
38              39       21-12-2023       Oliver Brown                15.0   
39              40       21-12-2023       Chloe Wilson               238.5   

   item_category                         item_name payment_method     status  
0           book                  The Great Gatsby    credit card    success  
1           book             To Kill a Mockingbird    credit card    success  
2     technology                         Headphone           cash    success  
3        kitchen                           Toaster           cash    success  
4        kitchen                     Kitchen Scale           cash    success  
5           book            The Catcher in the Rye           cash    success  
6        kitchen                      Cookware Set    credit card  unsuccess  
7           book         Lord of the Rings Trilogy           cash    success  
8           book                        The Hobbit           cash    success  
9     technology                            Laptop    credit card    success  
10          book              Harry Potter Box Set    credit card    success  
11       kitchen                      Toaster Oven    credit card    success  
12          book                       The Shining           cash    success  
13          book                 The Da Vinci Code    credit card    success  
14       kitchen                     Kitchen Timer           cash    success  
15          book           Game of Thrones Box Set    credit card  unsuccess  
16       kitchen                         Knife Set    credit card    success  
17          book          The Hunger Games Trilogy    credit card    success  
18       kitchen                      Baking Sheet           cash    success  
19    technology                              iPad    credit card    success  
20       kitchen                            Peeler           cash    success  
21          book             The Girl on the Train    credit card    success  
22          book            The Maze Runner Series    credit card  unsuccess  
23       kitchen                  Mixing Spoon Set    credit card    success  
24          book            The Fault in Our Stars           cash    success  
25       kitchen                          Cake Pan           cash    success  
26          book  The Chronicles of Narnia Box Set    credit card    success  
27    technology                        Television    credit card    success  
28       kitchen                    Kitchen Shears           cash  unsuccess  
29          book   The Girl with the Dragon Tattoo    credit card  unsuccess  
30          book                     The Outsiders    credit card    success  
31       kitchen                             Whisk    credit card    success  
32          book                    The Art of War    credit card    success  
33       kitchen                          Strainer    credit card    success  
34          book                        The Hobbit    credit card    success  
35          book                   The Kite Runner    credit card  unsuccess  
36       kitchen                     Kitchen Tongs           cash    success  
37          book              The Art of Happiness    credit card    success  
38       kitchen                            Peeler    credit card    success  
39    technology                        Smartphone    credit card    success   dan berikan kesimpulan lengkap yang kamu dapat!","Based on the sales trend analysis of the provided dataset, here are some key insights:

1. The dataset covers transactions from November 2023 to December 2023.
2. The total sales amount varies across different customers and items, ranging from small amounts like $8.0 to significant amounts like $4769.3.
3. The most popular payment method used by customers is credit card, followed by cash.
4. Both books and technology items are popular among customers, with a mix of kitchen items as well.
5. Some transactions were unsuccessful, indicating potential issues with payment or other factors.
6. There is a mix of successful and unsuccessful transactions across different dates and customers.
7. The dataset shows a diverse range of items purchased,"
,questions,answers
0,"Lakukanlah segmentasi pelanggan pada dataset     transaction_id transaction_date      customer_name  transaction_amount  \
0                1       01-11-2023           John Doe                50.0   
1                2       03-11-2023      Charlie Brown               150.0   
2                3       05-11-2023      Olivia Martin                12.5   
3                4       07-11-2023     William Turner                18.0   
4                5       10-11-2023      Lily Anderson                 8.0   
5                6       10-11-2023        Mason Evans               280.0   
6                7       12-11-2023  Isabella Martinez                35.0   
7                8       12-11-2023         Noah Clark                 9.0   
8                9       15-11-2023          Ava Jones                17.0   
9               10       16-11-2023       Sophie Davis               500.0   
10              11       17-11-2023        Liam Wilson               300.0   
11              12       19-11-2023        Grace Moore                19.0   
12              13       19-11-2023         Ella Davis                75.0   
13              14       21-11-2023       Aiden Turner               160.0   
14              15       23-11-2023       Mia Robinson                 8.0   
15              16       23-11-2023        Noah Wilson               270.0   
16              17       25-11-2023      Sophia Turner                25.0   
17              18       25-11-2023        Oliver Hill                30.0   
18              19       27-11-2023       Ethan Turner                 9.0   
19              20       27-11-2023        Chloe Brown               376.5   
20              21       29-11-2023       Lucas Harris                15.0   
21              22       29-11-2023      Amelia Turner                28.5   
22              23       01-12-2023    Sophie Robinson                80.0   
23              24       03-12-2023        Ella Taylor                20.0   
24              25       03-12-2023          Aria Hill                45.0   
25              26       05-12-2023         Mia Harris                15.0   
26              27       05-12-2023      Sophia Turner                60.0   
27              28       07-12-2023        Chloe Davis              4769.3   
28              29       09-12-2023         Ava Harris                18.0   
29              30       09-12-2023        Ella Turner                65.0   
30              31       11-12-2023        Aiden Smith               120.0   
31              32       13-12-2023    Amelia Robinson                14.0   
32              33       13-12-2023        Liam Taylor                25.5   
33              34       15-12-2023       Oliver Davis                30.0   
34              35       15-12-2023    Sophia Robinson                80.0   
35              36       17-12-2023     Lucas Robinson                90.0   
36              37       19-12-2023        Liam Turner                 9.0   
37              38       19-12-2023        Noah Wilson               150.0   
38              39       21-12-2023       Oliver Brown                15.0   
39              40       21-12-2023       Chloe Wilson               238.5   

   item_category                         item_name payment_method     status  
0           book                  The Great Gatsby    credit card    success  
1           book             To Kill a Mockingbird    credit card    success  
2     technology                         Headphone           cash    success  
3        kitchen                           Toaster           cash    success  
4        kitchen                     Kitchen Scale           cash    success  
5           book            The Catcher in the Rye           cash    success  
6        kitchen                      Cookware Set    credit card  unsuccess  
7           book         Lord of the Rings Trilogy           cash    success  
8           book                        The Hobbit           cash    success  
9     technology                            Laptop    credit card    success  
10          book              Harry Potter Box Set    credit card    success  
11       kitchen                      Toaster Oven    credit card    success  
12          book                       The Shining           cash    success  
13          book                 The Da Vinci Code    credit card    success  
14       kitchen                     Kitchen Timer           cash    success  
15          book           Game of Thrones Box Set    credit card  unsuccess  
16       kitchen                         Knife Set    credit card    success  
17          book          The Hunger Games Trilogy    credit card    success  
18       kitchen                      Baking Sheet           cash    success  
19    technology                              iPad    credit card    success  
20       kitchen                            Peeler           cash    success  
21          book             The Girl on the Train    credit card    success  
22          book            The Maze Runner Series    credit card  unsuccess  
23       kitchen                  Mixing Spoon Set    credit card    success  
24          book            The Fault in Our Stars           cash    success  
25       kitchen                          Cake Pan           cash    success  
26          book  The Chronicles of Narnia Box Set    credit card    success  
27    technology                        Television    credit card    success  
28       kitchen                    Kitchen Shears           cash  unsuccess  
29          book   The Girl with the Dragon Tattoo    credit card  unsuccess  
30          book                     The Outsiders    credit card    success  
31       kitchen                             Whisk    credit card    success  
32          book                    The Art of War    credit card    success  
33       kitchen                          Strainer    credit card    success  
34          book                        The Hobbit    credit card    success  
35          book                   The Kite Runner    credit card  unsuccess  
36       kitchen                     Kitchen Tongs           cash    success  
37          book              The Art of Happiness    credit card    success  
38       kitchen                            Peeler    credit card    success  
39    technology                        Smartphone    credit card    success  !","Untuk melakukan segmentasi pelanggan pada dataset transaksi yang diberikan, Anda dapat menggunakan berbagai metode analisis data seperti analisis RFM (Recency, Frequency, Monetary), analisis clustering, atau metode machine learning seperti k-means clustering.

Berikut langkah umum yang dapat Anda lakukan untuk melakukan segmentasi pelanggan:

1. **Pemrosesan Data**: Pertama, lakukan pemrosesan data seperti pembersihan data, pengubahan format tanggal, dan penanganan nilai yang hilang jika diperlukan.

2. **Analisis RFM**:
   - **Recency (Ketegangan)**: Hitung berapa hari sejak transaksi terakhir pelanggan.
   - **Frequency (Frekuensi)**: Hitung berapa kali pelanggan melakukan transaksi.
   - **Monetary (Moneter)**: Hitung total nilai transaksi yang dilakukan oleh pelanggan.

3. **Clustering**:
   - Gunakan metode clustering seperti k-means untuk mengelompokkan pelanggan berdasarkan perilaku transaksi mereka.
   - Pilih jumlah cluster yang optimal dengan menggunakan metode seperti Elbow Method atau Silhouette Score.

4. **Interpretasi Hasil**:
   - Analisis hasil segmentasi untuk memahami karakteristik setiap kelompok pelanggan.
   - Berikan label atau nama untuk setiap segmen pelanggan yang teridentifikasi.

Dengan melakukan langkah-langkah di atas, Anda dapat melakukan segmentasi pelanggan berdasarkan data transaksi yang diberikan. Jika Anda memerlukan bantuan lebih lanjut dalam menerapkan metode segmentasi pelanggan ini, jangan ragu untuk bertanya."
,questions,answers
0,"Analisislah prediksi penjualan berdasarkan dataset     transaction_id transaction_date      customer_name  transaction_amount  \
0                1       01-11-2023           John Doe                50.0   
1                2       03-11-2023      Charlie Brown               150.0   
2                3       05-11-2023      Olivia Martin                12.5   
3                4       07-11-2023     William Turner                18.0   
4                5       10-11-2023      Lily Anderson                 8.0   
5                6       10-11-2023        Mason Evans               280.0   
6                7       12-11-2023  Isabella Martinez                35.0   
7                8       12-11-2023         Noah Clark                 9.0   
8                9       15-11-2023          Ava Jones                17.0   
9               10       16-11-2023       Sophie Davis               500.0   
10              11       17-11-2023        Liam Wilson               300.0   
11              12       19-11-2023        Grace Moore                19.0   
12              13       19-11-2023         Ella Davis                75.0   
13              14       21-11-2023       Aiden Turner               160.0   
14              15       23-11-2023       Mia Robinson                 8.0   
15              16       23-11-2023        Noah Wilson               270.0   
16              17       25-11-2023      Sophia Turner                25.0   
17              18       25-11-2023        Oliver Hill                30.0   
18              19       27-11-2023       Ethan Turner                 9.0   
19              20       27-11-2023        Chloe Brown               376.5   
20              21       29-11-2023       Lucas Harris                15.0   
21              22       29-11-2023      Amelia Turner                28.5   
22              23       01-12-2023    Sophie Robinson                80.0   
23              24       03-12-2023        Ella Taylor                20.0   
24              25       03-12-2023          Aria Hill                45.0   
25              26       05-12-2023         Mia Harris                15.0   
26              27       05-12-2023      Sophia Turner                60.0   
27              28       07-12-2023        Chloe Davis              4769.3   
28              29       09-12-2023         Ava Harris                18.0   
29              30       09-12-2023        Ella Turner                65.0   
30              31       11-12-2023        Aiden Smith               120.0   
31              32       13-12-2023    Amelia Robinson                14.0   
32              33       13-12-2023        Liam Taylor                25.5   
33              34       15-12-2023       Oliver Davis                30.0   
34              35       15-12-2023    Sophia Robinson                80.0   
35              36       17-12-2023     Lucas Robinson                90.0   
36              37       19-12-2023        Liam Turner                 9.0   
37              38       19-12-2023        Noah Wilson               150.0   
38              39       21-12-2023       Oliver Brown                15.0   
39              40       21-12-2023       Chloe Wilson               238.5   

   item_category                         item_name payment_method     status  
0           book                  The Great Gatsby    credit card    success  
1           book             To Kill a Mockingbird    credit card    success  
2     technology                         Headphone           cash    success  
3        kitchen                           Toaster           cash    success  
4        kitchen                     Kitchen Scale           cash    success  
5           book            The Catcher in the Rye           cash    success  
6        kitchen                      Cookware Set    credit card  unsuccess  
7           book         Lord of the Rings Trilogy           cash    success  
8           book                        The Hobbit           cash    success  
9     technology                            Laptop    credit card    success  
10          book              Harry Potter Box Set    credit card    success  
11       kitchen                      Toaster Oven    credit card    success  
12          book                       The Shining           cash    success  
13          book                 The Da Vinci Code    credit card    success  
14       kitchen                     Kitchen Timer           cash    success  
15          book           Game of Thrones Box Set    credit card  unsuccess  
16       kitchen                         Knife Set    credit card    success  
17          book          The Hunger Games Trilogy    credit card    success  
18       kitchen                      Baking Sheet           cash    success  
19    technology                              iPad    credit card    success  
20       kitchen                            Peeler           cash    success  
21          book             The Girl on the Train    credit card    success  
22          book            The Maze Runner Series    credit card  unsuccess  
23       kitchen                  Mixing Spoon Set    credit card    success  
24          book            The Fault in Our Stars           cash    success  
25       kitchen                          Cake Pan           cash    success  
26          book  The Chronicles of Narnia Box Set    credit card    success  
27    technology                        Television    credit card    success  
28       kitchen                    Kitchen Shears           cash  unsuccess  
29          book   The Girl with the Dragon Tattoo    credit card  unsuccess  
30          book                     The Outsiders    credit card    success  
31       kitchen                             Whisk    credit card    success  
32          book                    The Art of War    credit card    success  
33       kitchen                          Strainer    credit card    success  
34          book                        The Hobbit    credit card    success  
35          book                   The Kite Runner    credit card  unsuccess  
36       kitchen                     Kitchen Tongs           cash    success  
37          book              The Art of Happiness    credit card    success  
38       kitchen                            Peeler    credit card    success  
39    technology                        Smartphone    credit card    success   di masa depan, dan berikan kesimpulannya secara lengkap!","Berdasarkan dataset penjualan yang diberikan, terdapat informasi mengenai transaksi yang dilakukan oleh berbagai pelanggan pada tanggal-tanggal tertentu. Setiap transaksi memiliki informasi seperti ID transaksi, tanggal transaksi, nama pelanggan, jumlah transaksi, kategori barang, nama barang, metode pembayaran, dan status transaksi.

Untuk menganalisis prediksi penjualan di masa depan berdasarkan dataset ini, Anda dapat melakukan beberapa langkah, antara lain:
1. Analisis tren penjualan berdasarkan kategori barang: Anda dapat melihat kategori barang mana yang paling banyak terjual dan mengidentifikasi tren penjualan dari waktu ke waktu.
2. Analisis metode pembayaran: Anda dapat melihat preferensi pelanggan dalam menggunakan metode pembayaran tertentu dan mengidentifikasi apakah metode pembayaran tertentu berpengaruh pada jumlah penjualan.
3. Analisis pelanggan: Anda dapat melihat pola pembelian dari pelanggan tertentu dan mengidentifikasi pelanggan yang berpotensi menjadi pelanggan setia.
4. Prediksi penjualan di masa depan: Dengan menggunakan data historis yang ada, Anda dapat menggunakan metode analisis prediksi seperti regresi linier atau time series untuk memprediksi penjualan di masa depan berdasarkan tren yang teridentifikasi.

Kesimpulannya, dengan menganalisis dataset penjualan tersebut secara lebih mendalam, Anda dapat memahami pola penjualan yang ada, mengidentifikasi faktor-faktor yang memengaruhi penjualan, dan membuat prediksi penjualan di masa depan untuk membantu dalam perencanaan bisnis dan strategi pemasaran."
